<?xml version="1.0" encoding="UTF-8"?>
<OpenSearchDescription xmlns="http://a9.com/-/spec/opensearch/1.1/" xmlns:moz="http://www.mozilla.org/2006/browser/search/">
  <ShortName>Google Developers</ShortName>
  <Description>
    
    Search Google Developers resources.
  </Description>
  <InputEncoding>UTF-8</InputEncoding>
  <Image width="16" height="16" type="image/x-icon">https://developers.google.com/_static/images/favicon.ico</Image>
  <Url type="text/html" method="get" template="https://developers.google.com/search/results?q={searchTerms}"></Url>
</OpenSearchDescription>
